id1;label1;sentiment;userId;retweetedCount;tags;tagsCount;userName;friendsCount;followersCount;;;
851585000000000000;RT @TSSNewsMag: NASA to Reveal New Discoveries in News Conference on Oceans Beyond Earth https://t.co/pgFeHE74t8 #NASA #Science #Space;0,0000;727563000000000000;1;[#NASA, #Science, #Space];3;Lucy For Life;4979;3202;;;
851585000000000000;How are we going to get stuff up there? Where's my #science side of twitter at? #space #technology;0,0000;22582680;0;[#science, #space, #technology];3;Amar;2684;3504;;;
851584000000000000;Super Cruise: Will Cadillac‚Äôs self-driving car be better than Tes... https://t.co/dtzc0bdrJP #Science #technology https://t.co/5E323ITG1w;0,7783;14199719;0;[#Science, #technology];2;Kurt Hamm;3797;2343;;;
851585000000000000;RT @thelittlenancy: The #Science of #Happiness and Your Amazing #Brain https://t.co/gVt1g6NWMK;0,5859;2281290679;1;[#Science, #Happiness, #Brain];3;Ted Grosch;256;1812;;;
851584000000000000;Julia, a Muppet with autism, makes first appearance on 'Sesame Street' https://t.co/KyQKVXaiap #brain #mentalhealth #education #science #p‚Ä¶;0,0000;821150000000000000;0;[#brain, #mentalhealth, #education, #science, #p];5;Supreme Mindfulness;4636;2947;;;
851584000000000000;Neuroscientist Lisa Feldman Barrett explains how emotions are made https://t.co/PGc7F2liNB #brain #mentalhealth #education #science #psych‚Ä¶;0,0000;821150000000000000;0;[#brain, #mentalhealth, #education, #science, #psych];5;Supreme Mindfulness;4636;2947;;;
851584000000000000;To help ward off Alzheimer's, think before you eat https://t.co/8eigzJFh3K #brain #mentalhealth #education #science #psychology #mind;0,4019;821150000000000000;0;[#brain, #mentalhealth, #education, #science, #psychology, #mind];6;Supreme Mindfulness;4636;2947;;;
851584000000000000;Does the Afterlife Exist? https://t.co/qEAiiZg811 #brain #mentalhealth #education #science #psychology #mind;0,0000;821150000000000000;0;[#brain, #mentalhealth, #education, #science, #psychology, #mind];6;Supreme Mindfulness;4636;2947;;;
851583000000000000;RT @margiemeacham: #Podcast: @jamesonfineart   ‚Äì Intersection of #Art and #Science. #Brain #Neuroscience #MS: https://t.co/pCL84P9uuy;0,0000;773497000000000000;1;[#Podcast, #Art, #Science, #Brain, #Neuroscience, #MS];6;ur fav intersections;12;31;;;
851583000000000000;#Podcast: @jamesonfineart   ‚Äì Intersection of #Art and #Science. #Brain #Neuroscience #MS: https://t.co/pCL84P9uuy;0,0000;218502051;1;[#Podcast, #Art, #Science, #Brain, #Neuroscience, #MS];6;Margie Meacham;647;19324;;;
851584000000000000;RT @maximaxoo: #Science #Art: specialties &amp: #cakes adorned with lifelike #terrarium #environments. #Yum! https://t.co/F135ZAvTdP via @Colos‚Ä¶;0,2714;760732000000000000;32;[#Science, #Art, #cakes, #terrarium, #environments, #Yum];6;Nora Schouten;4470;4787;;;
851948000000000000;redbuttegarden #redbuttegarden #botany #saltlakecity #utah #usofscience #science #biology‚Ä¶ https://t.co/Mus3J8vT3s;0,0000;2931625980;0;[#redbuttegarden, #botany, #saltlakecity, #utah, #usofscience, #science, #biology];7;Spencer Bronte;5000;957;;;
851948000000000000;redbuttegarden #redbuttegarden #botany #saltlakecity #utah #usofscience #science #biology‚Ä¶ https://t.co/i2VIlLanTB;0,0000;2931625980;0;[#redbuttegarden, #botany, #saltlakecity, #utah, #usofscience, #science, #biology];7;Spencer Bronte;5000;957;;;
851947000000000000;So this is what the gene-editing tool that everyone's been talking about looks like #openscience #science #biology https://t.co/JwP4SDgzU5;0,3612;261426471;0;[#openscience, #science, #biology];3;kitbash;1388;590;;;
851947000000000000;redbuttegarden #redbuttegarden #botany #saltlakecity #utah #usofscience #science #biology‚Ä¶ https://t.co/IHOx52eaAl;0,0000;2931625980;0;[#redbuttegarden, #botany, #saltlakecity, #utah, #usofscience, #science, #biology];7;Spencer Bronte;5000;957;;;
851947000000000000;redbuttegarden #redbuttegarden #botany #saltlakecity #utah #usofscience #science #biology‚Ä¶ https://t.co/jedclRy8sx;0,0000;2931625980;0;[#redbuttegarden, #botany, #saltlakecity, #utah, #usofscience, #science, #biology];7;Spencer Bronte;5000;957;;;
851946000000000000;redbuttegarden #redbuttegarden #botany #saltlakecity #utah #usofscience #science #biology‚Ä¶ https://t.co/84kkQWOylp;0,0000;2931625980;0;[#redbuttegarden, #botany, #saltlakecity, #utah, #usofscience, #science, #biology];7;Spencer Bronte;5000;957;;;
851946000000000000;redbuttegarden #redbuttegarden #botany #saltlakecity #utah #usofscience #science #biology‚Ä¶ https://t.co/b1qGLLj9cZ;0,0000;2931625980;0;[#redbuttegarden, #botany, #saltlakecity, #utah, #usofscience, #science, #biology];7;Spencer Bronte;5000;957;;;
851946000000000000;redbuttegarden #redbuttegarden #botany #saltlakecity #utah #usofscience #science #biology‚Ä¶ https://t.co/eIH5BeWhFC;0,0000;2931625980;0;[#redbuttegarden, #botany, #saltlakecity, #utah, #usofscience, #science, #biology];7;Spencer Bronte;5000;957;;;
851946000000000000;redbuttegarden #redbuttegarden #botany #saltlakecity #utah #usofscience #science #biology‚Ä¶ https://t.co/jMWT5nLjr8;0,0000;2931625980;0;[#redbuttegarden, #botany, #saltlakecity, #utah, #usofscience, #science, #biology];7;Spencer Bronte;5000;957;;;
851945000000000000;Waterfall redbuttegarden #redbuttegarden #botany #saltlakecity #utah #usofscience #science‚Ä¶ https://t.co/FZJNbfZ8Jo;0,0000;2931625980;0;[#redbuttegarden, #botany, #saltlakecity, #utah, #usofscience, #science];6;Spencer Bronte;5000;957;;;
851945000000000000;redbuttegarden #redbuttegarden #botany #saltlakecity #utah #usofscience #science #biology‚Ä¶ https://t.co/GbvsK694tf;0,0000;2931625980;0;[#redbuttegarden, #botany, #saltlakecity, #utah, #usofscience, #science, #biology];7;Spencer Bronte;5000;957;;;
851948000000000000;Watch Doctor's on #Periscope: discuss Q&amp:A #vaxxed #Truth #science #PrayBig https://t.co/2noTs8CmuI #KidsMatterOK #mothers #parents;0,0000;2756688394;1;[#Periscope, #vaxxed, #Truth, #science, #PrayBig, #KidsMatterOK, #mothers, #parents];8;James John;804;346;;;
851947000000000000;RT @AutismMedia: More Vaxxed versus Unvaccinated stories from Florida #vaxxed #truth #science #PrayBig https://t.co/jQVlFcd9Yx;0,0000;2192855449;19;[#vaxxed, #truth, #science, #PrayBig];4;{{{MakaPejutaWin}}};995;1507;;;
851948000000000000;#Seal vs #Technology   show more  Has ... https://t.co/IDWGCb7HcO #Doot #Scared #Science #Spooked https://t.co/ubUX5cDJuE;0,0000;417765463;0;[#Seal, #Technology, #Doot, #Scared, #Science, #Spooked];6;Cheremkin Aleksey;1601;9565;;;
851946000000000000;RT @spactra: And , deep in your soul,  you still think that we are alone?!? #space #travel #technology #science #photography #business http‚Ä¶;-0,3923;204136753;2;[#space, #travel, #technology, #science, #photography, #business];6;Witchie Air;3790;2736;;;
851948000000000000;RT @innova_scape: TECH;GEEK;REBEL: Smart phone problems!!! #tech #science #bigdata #mobile #innovation #awesome #startups https://t.co/tnfG‚Ä¶;0.0;104520454;1;[#tech, #science, #bigdata, #mobile, #innovation, #awesome, #startups];7;alejandro vergara;703;5487;
851948000000000000;TECH;GEEK;REBEL: Smart phone problems!!! #tech #science #bigdata #mobile #innovation #awesome #startups https://t.co/tnfG4TlD9P;0.0;3214647434;1;[#tech, #science, #bigdata, #mobile, #innovation, #awesome, #startups];7;InnovaScape;52;5777;
851946000000000000;RT @scott_mautz: This female #CEO is catapulting mind-blowing #startups #science &amp: #tech  #entrepreneurship https://t.co/28ObIvti5U;0,0000;220449502;1;[#CEO, #startups, #science, #tech, #entrepreneurship];5;BW;4826;1473;;;
851946000000000000;https://t.co/oMVlQmoagQ Google Home now serves up Rotten Tomatoes movie reviews and WikiHow DIY tips #future #tech #science;-0,5106;227335394;3;[#future, #tech, #science];3;John Vajra;22555;22980;;;
851948000000000000;RT @peterfelth: As increasing numbers of people wake up to flat earth NASA increases the bs. #nasa #liars  #fakespace #science #scifi #flat‚Ä¶;0,0000;827591000000000000;7;[#nasa, #liars, #fakespace, #science, #scifi];5;FlatEarthling;338;243;;;
851945000000000000;"Title for Book ? """"Thinking Longer and Harder"""" ? #science #sales #meaningoflife #turtleproblem #scifi ideas #godmp  https://t.co/syaDbipBr7";0,0000;49178679;0;[#science, #sales, #meaningoflife, #turtleproblem, #scifi, #godmp];6;Mike Stewart;280;172;;;
851947000000000000;#NewSchoolFieldDayEvents A day with no technology!  #Science #Math #Art #Music #LetsMakeMagic ü¶Ñ;-0,3595;785546000000000000;2;[#NewSchoolFieldDayEvents, #Science, #Math, #Art, #Music, #LetsMakeMagic];6;Emily;4467;1717;;;
851947000000000000;#4: Wait, What?: And Life's Other Essential Questions: Wait, What?: And Life's Other‚Ä¶ https://t.co/f1pXN55cts #Science #Math #Book;0,0000;768735000000000000;0;[#Science, #Math, #Book];3;Science & Math;0;1;;;
851947000000000000;#3: The Dancing Wu Li Masters: An Overview of the New Physics: The Dancing Wu Li Masters: An‚Ä¶ https://t.co/4PIXEvgxks #Science #Math #Book;0,0000;768735000000000000;0;[#Science, #Math, #Book];3;Science & Math;0;1;;;
851947000000000000;RT @suprememindful: The Brain Cells That Keep Mice Active https://t.co/vMC6pHxpB8 #brain #mentalhealth #education #science #psychology #mind;0,4019;1463837000;1;[#brain, #mentalhealth, #education, #science, #psychology, #mind];6;The Psyched Blog;3847;5411;;;
851946000000000000;Awesome Focus group https://t.co/LrRNq11zwU and icebreaker exercises with this app For doing @study #science #blog  #psychology #goals #team;0,6249;2568808680;0;[#science, #blog, #psychology, #goals, #team];5;CommuniTrainer;37928;211434;;;
851946000000000000;RT @ChristiAnne67: The deepest traces of life https://t.co/GsOak1cpGC from below the #MarianaTrench.  #Science üìö #Education #Research https‚Ä¶;0,0000;772549000000000000;10;[#MarianaTrench, #Science, #Education, #Research];4;Steve;312;312;;;
851946000000000000;Study: manipulating the #brain to create honest behavior: https://t.co/ToiY1gIung #science,#wtf;0,4404;144737971;1;[#brain, #science, #wtf];3;Infinite Unknown;1201;960;;;
851945000000000000;US #Science Teachers say trash #books and watch Leo instead https://t.co/c5aIUdvEq5 #wtf,#education;0,0000;144737971;0;[#Science, #books, #wtf, #education];4;Infinite Unknown;1201;960;;;
851947000000000000;Quantum effects cloak impossible singularities with black holes https://t.co/8dgyNWxkmO #science #physics #gravity #quantum;0,0000;1684452866;0;[#science, #physics, #gravity, #quantum];4;Waldemar Puszkarz;1129;1205;;;
851947000000000000;Visit https://t.co/7sLiHwc5jg to See Light in a whole new way. #ArtificialIntelligence #AI #Consciousness #Physics #Science;0,0000;726415000000000000;0;[#ArtificialIntelligence, #AI, #Consciousness, #Physics, #Science];5;Steven J. Klinko;105;215;;;
851947000000000000;RT @interesting5255: Anyone for a game of quantum chess? #quantum #physics #science #consciousness #forex #computing #enlightenment #techno‚Ä¶;0,0000;4338634108;1;[#quantum, #physics, #science, #consciousness, #forex, #computing, #enlightenment];7;jfl Williams;748;552;;;
851947000000000000;"I uploaded a new episode, """"April Awesomeness!"""", on #spreaker #atlanta #health #science #sports #wrestling https://t.co/TDeDzD0MrW";0,0000;747254000000000000;0;[#spreaker, #atlanta, #health, #science, #sports, #wrestling];6;KLRNRadio;560;243;;;
851945000000000000;On #abortion, liberals cite #ScienceFiction. #tcot #tlot #uniteblue #prolife #prochoice #science #health #pregnancy  https://t.co/22SKLXQ5XB;0,0000;107284130;0;[#abortion, #ScienceFiction, #tcot, #tlot, #uniteblue, #prolife, #prochoice, #science, #health, #pregnancy];10;Ken;2334;1234;;;
851946000000000000;RT @Leed_Off: Hey there! I post about space, science and other stuff I find interesting, so stick around and retweet! #space #science #news‚Ä¶;0,5080;772685000000000000;1;[#space, #science, #news];3;Lee'd;310;57;;;
851945000000000000;RT @anitabondi: The latest The inspirational artist Daily! https://t.co/il9JjD3pzO Thanks to @Elysian_Soul_ #photography #science;0,7574;51334367;2;[#photography, #science];2;Craig Elliott;12616;12292;;;
851946000000000000;Christians cannot be indifferent to how our food is raised #humanflourishing #theology #Science;0,1511;2513472068;0;[#humanflourishing, #theology, #Science];3;Jessica Keating;620;348;;;
851945000000000000;BXVI called us to re-evaluate agriculture, y'all #theology #science #humanflourishing #humandignity;0,0000;2513472068;0;[#theology, #science, #humanflourishing, #humandignity];4;Jessica Keating;620;348;;;
851945000000000000;The report sets out a series of recommendations designed to improve the integrity of #science. https://t.co/E8MeouAkdG #research;0,6705;16595207;0;[#science, #research];2;S. Stoerger;280;639;;;
852310000000000000;Bristol UK - #Medical #Science Liaison - Cardio-Metabolic - A Global pharmaceutical company a... https://t.co/EjuiDpcjSW #WORK #HEALTH #JOB;0,0000;2220271794;0;[#Medical, #Science, #WORK, #HEALTH, #JOB];5;Medical Science Jobs;0;3;;;
852309000000000000;How long does it take to lose your fitness? #science #fitness #health  https://t.co/frIvuFHJ8X - via @abcnews;-0,1531;3059139049;0;[#science, #fitness, #health];3;Gerard Yvanovich;145;186;;;
852305000000000000;RT @OramStephen: Artificial meat? Protein production? Whatever you call it, it's probably the future. #health #science #vegan https://t.co/‚Ä¶;0,0000;2984985272;1;[#health, #science, #vegan];3;Gerard Spicer;3856;2316;;;
852310000000000000;Robot volleyball machine helps Japan team practise attacks https://t.co/xoOhA4piqQ #Tech #Science https://t.co/92cPC1bQXd;-0,0772;9927902;0;[#Tech, #Science];2;TheLiamMurphy;656;1058;;;
852310000000000000;Samsung Gear VR (2017) vs. Google Daydream View  https://t.co/Rb7P5nZaOU #tech #science #lifestyle;0,0000;799811000000000000;0;[#tech, #science, #lifestyle];3;üî∏S1lver Arrow üèé;720;914;;;
852308000000000000;https://t.co/uHgfzahBW0 Guy builds his own iPhone using spare parts bought in real-world Cyberpunk city Shenzhen #future #tech #science;0,0000;227335394;0;[#future, #tech, #science];3;John Vajra;22555;22980;;;
852306000000000000;RT @ARCCambs: #Cambridge home of #science #tech #research establishments unmatched in EU https://t.co/ErAXkfId5Q;-0,0772;793916000000000000;1;[#Cambridge, #science, #tech, #research];4;Jive Cambridge;1031;3730;;;
852305000000000000;https://t.co/eqeGmKhrVV A.I. Is Progressing Faster Than You Think #future #tech #science;0,0000;227335394;0;[#future, #tech, #science];3;John Vajra;22555;22980;;;
852305000000000000;#Science #Tech ; https://t,co/3lWFynEGnS Aga app 'could let hackers turn off oven' A cybersecurity researcher found vulnerabilities in the‚Ä¶;-0.1531;73494746;0;[#Science, #Tech];2;Web Hosting-Domains;63;172;;
852310000000000000;David Hume and divine design https://t.co/7m6MyEeIAr #creation #science https://t.co/X0hFvofHPq;0,5574;56995406;0;[#creation, #science];2;FaithfulNews;2167;11438;;;
852309000000000000;RT @Notbuyingthisbs: I'm proud to announce I have finally completed my PHD in #Creation #science . Attached is my doctoral thesis for your‚Ä¶;0,4767;263616445;23;[#Creation, #science];2;Dyfed Edwards;599;877;;;
852307000000000000;Has the dark matter mystery been solved? https://t.co/Aa6Xoy941X #creation #science https://t.co/1uoiwVIcKv;0,2960;56995406;0;[#creation, #science];2;FaithfulNews;2167;11438;;;
852305000000000000;Amazing armoured armadillos of the Americas https://t.co/ZZPMtU4O7N #creation #science https://t.co/iVmQ4suFSn;0,5859;56995406;0;[#creation, #science];2;FaithfulNews;2167;11438;;;
852310000000000000;Science behind scrubbing @SupercrossLive #Scrub #Science #SXNE #Contest - https://t.co/c04KvTpUUy https://t.co/tyXLSxbELU;0,0000;817469270;0;[#Scrub, #Science, #SXNE, #Contest];4;Dillon Reed;270;143;;;
852308000000000000;Science behind scrubbing @SupercrossLive #Scrub #Science #SXNE #Contest - https://t.co/Ah48oEqoYi https://t.co/05SjKmAVGY;0,0000;106480854;0;[#Scrub, #Science, #SXNE, #Contest];4;Stephanie Barmann;1863;572;;;
852308000000000000;Science behind scrubbing @SupercrossLive #Scrub #Science #SXNE #Contest - https://t.co/aatlu2dYuD https://t.co/aWqjdgCmJF;0,0000;27865199;0;[#Scrub, #Science, #SXNE, #Contest];4;Kim;5606;5626;;;
852310000000000000;Google‚Äôs AI Turns Your Crappy Doodles Into Proper Pict... https://t.co/ykP9xv8MO8 #computing #science #technology https://t.co/CegDLFYj5F;-0,5574;14199719;0;[#computing, #science, #technology];3;Kurt Hamm;3797;2343;;;
852309000000000000;The best PlayStation 4 and PS4 Pro accessories, gifts, and starte... https://t.co/zccerdIW4M #Science #technology https://t.co/Lx3EmjxbfS;0,6369;14199719;0;[#Science, #technology];2;Kurt Hamm;3797;2343;;;
852307000000000000;Drug-Delivering ‚ÄúMecha-Sperm‚Äù May Be the Future of Cancer Treatment https://t.co/3g0l8hiTwG #future #ownthefuture #science #technology #in‚Ä¶;-0,6597;821252000000000000;0;[#future, #ownthefuture, #science, #technology, #in];5;FutuReCybernize;2338;980;;;
852305000000000000;Meet Teleocrater, a Croc-Like Early Dinosaur Relative ; Video https://t,co/BuasMIfl07 #Science #Technology https://t,co/zPe0SqEftJ;0.0;2953437898;0;[#Science, #Technology];2;Eamon Aston Kunze;1796;6175;;
852309000000000000;RT @ArcherJoe: Check this amazing #force and #motion art out!! @JaniceGEDSB @HESCAC @FCLEdu #science and #art rock!! https://t.co/Er4yc7IhNI;0,7696;2825021659;1;[#force, #motion, #science, #art];4;HES Council Advisory;19;44;;;
852306000000000000;Happy Humpday from your fave cloning #art #graphicdesign #illustration #inspiration #lizards #science #humpday https://t.co/acEOYbTPCM;0,7650;201545782;1;[#art, #graphicdesign, #illustration, #inspiration, #lizards, #science, #humpday];7;Tyran.;1761;2060;;;
852309000000000000;RT @GerardYvanovich: Flu vaccine won't make you immune, but it's more important than you think #science #vaccineswork  https://t.co/wTsz62z‚Ä¶;0,1016;740864000000000000;4;[#science, #vaccineswork];2;Trump vs. Science;2817;3229;;;
852308000000000000;Flu vaccine won't make you immune, but it's more important than you think #science #vaccineswork  https://t.co/wTsz62z6pG - via @abcnews;0,1016;3059139049;4;[#science, #vaccineswork];2;Gerard Yvanovich;145;186;;;
852307000000000000;Scientists Announce That The Great Barrier Reef is Officially ‚ÄúTerminal‚Äù https://t.co/ifKWDA0O9z #future #ownthefuture #science #technolog‚Ä¶;0,5574;821252000000000000;0;[#future, #ownthefuture, #science, #technolog];4;FutuReCybernize;2338;980;;;
852308000000000000;The wrong neural path? How our understanding of the #brain could be wrong - https://t.co/QtKFb11y8j    #Science‚Ä¶ https://t.co/yOHV1uvr7c;-0,7351;16913151;0;[#brain, #Science];2;Khaled Ouanes Ph.D.;935;2294;;;
852306000000000000;Brain Bypass Technology Provides Hope for People with Paralysis https://t.co/hVeIhWy3FN #brain #mentalhealth #education #science #psycholo‚Ä¶;0,4404;821150000000000000;0;[#brain, #mentalhealth, #education, #science, #psycholo];5;Supreme Mindfulness;4636;2947;;;
852307000000000000;RT @mcricker: Retweet if you have opposable thumbs and are ready to help some students celebrate #science! #scichat #edchat #ScienceMarch #‚Ä¶;0,8478;117654574;5;[#science, #scichat, #edchat, #ScienceMarch];4;KerryJo;328;293;;;
852307000000000000;RT @SciMarchBHM: Science is us and we are science. #science #scimarchBHM #ScienceMarch #sciencematters https://t.co/kO0TLpQ5bB;0,0000;80646978;1;[#science, #scimarchBHM, #ScienceMarch, #sciencematters];4;Nicole Watkins;186;171;;;
852307000000000000;RT @SciMarchBHM: An interesting read about the power and politics right now in one science. #science #scimarchBHM #sciencemarch https://t.c‚Ä¶;0,4019;80646978;2;[#science, #scimarchBHM, #sciencemarch];3;Nicole Watkins;186;171;;;
852673000000000000;RT @pionic_org: The Blue Solar System: There are 'Ocean Worlds' all around us https://t.co/uZ5dxQ9KgW #space #science;0,0000;3061715160;32;[#space, #science];2;Of Hearts & Minds;737;821;;;
852671000000000000;Awesome: Saturn moon 'able to support life' https://t.co/64C4MPBG1I #space #life #alien #science #ocean #biology #astrobiology;0,7783;3074303058;2;[#space, #life, #alien, #science, #ocean, #biology, #astrobiology];7;Stephanie Kizimchuk;1802;1208;;;
852669000000000000;The universe üåå is truly mind blowing #Space #Science https://t.co/BWIS5ARL1P;0,4404;501675406;0;[#Space, #Science];2;Richard Hull;247;37;;;
852673000000000000;RT @FutuReCybernize: Do retailers need innovation labs to stay alive? https://t.co/SaTpyNdp3D #future #ownthefuture #science #technology #i‚Ä¶;0,6369;16317733;3;[#future, #ownthefuture, #science, #technology];4;Randomization;1048;8476;;;
852672000000000000;RT @FutuReCybernize: Retailers Use Augmented Reality, High Tech To Lure Shoppers https://t.co/zM0o8Pp4Rc #future #ownthefuture #science #te‚Ä¶;0,0000;16317733;1;[#future, #ownthefuture, #science];3;Randomization;1048;8476;;;
852672000000000000;Retailers Use Augmented Reality, High Tech To Lure Shoppers https://t.co/zM0o8Pp4Rc #future #ownthefuture #science #technology #innovation‚Ä¶;0,0000;821252000000000000;1;[#future, #ownthefuture, #science, #technology, #innovation];5;FutuReCybernize;2338;980;;;
852672000000000000;Shop In The Machine: 3 Ways Retailers Can Maximize Virtual Assistants https://t.co/wBVK5xyxx9 #future #ownthefuture #science #technology #‚Ä¶;0,0000;821252000000000000;0;[#future, #ownthefuture, #science, #technology];4;FutuReCybernize;2338;980;;;
852672000000000000;Imagining the Retail Store of the Future https://t.co/rYy8pHUCK5 #future #ownthefuture #science #technology #innovation #tech;0,0000;821252000000000000;2;[#future, #ownthefuture, #science, #technology, #innovation, #tech];6;FutuReCybernize;2338;980;;;
852672000000000000;Do retailers need innovation labs to stay alive? https://t.co/SaTpyNdp3D #future #ownthefuture #science #technology #innovation #tech;0,6369;821252000000000000;3;[#future, #ownthefuture, #science, #technology, #innovation, #tech];6;FutuReCybernize;2338;980;;;
852672000000000000;Farfetch Announces Store of The Future https://t.co/Xi0Qz9oXVh #future #ownthefuture #science #technology #innovation #tech;0,0000;821252000000000000;0;[#future, #ownthefuture, #science, #technology, #innovation, #tech];6;FutuReCybernize;2338;980;;;
852672000000000000;Google is trying to turn Image Search into a shopping tool https://t.co/aClzEs88Ho #future #ownthefuture #science #technology #innovation ‚Ä¶;0,0000;821252000000000000;0;[#future, #ownthefuture, #science, #technology, #innovation];5;FutuReCybernize;2338;980;;;
852670000000000000;Life finds a way! @NASAHubble #technology #Science #education https://t.co/PoyWIq1Hcc;0,0000;1322750233;0;[#technology, #Science, #education];3;Patrick Mattes;641;120;;;
852668000000000000;https://t.co/AQkW4YEpKS How I Automated My Door To Door Sales Job #future #tech #science;0,0000;227335394;0;[#future, #tech, #science];3;John Vajra;22555;22980;;;
852672000000000000;Is it possible to harness the permafrost thaw and ice melt caused by #ClimateChange to harvest fresh water? #Science #Humanity #Pragmatism;0,3182;849323000000000000;1;[#ClimateChange, #Science, #Humanity, #Pragmatism];4;Empirical Indian;106;70;;;
852671000000000000;RT @rcarr57: The Arctic Ocean Is Becoming More Like the Atlantic Ocean https://t.co/UtICkmRYpd #science #climatechange;0,4201;31251948;4;[#science, #climatechange];2;All Kinds of Nope;358;1358;;;
852672000000000000;RT @ShenovaFashion: Dresses Inspired by Women in STEM https://t.co/Y2fh7BhswO #womeinstem #stem #steam #science #fashtech #women #tech http‚Ä¶;0,4939;619913312;29;[#womeinstem, #stem, #steam, #science, #fashtech, #women, #tech];7;Karen Hapgood;1196;838;;;
852669000000000000;RT @TechGeekRebel: hahah this is brilliant! #hack #roadsign! #SanFrancisco  #tech #science #bigdata #mobile #innovation #awesome https://t.‚Ä¶;0,6580;337246704;8;[#hack, #roadsign, #SanFrancisco, #tech, #science, #bigdata, #mobile, #innovation, #awesome];9;The #BlackWolf;250;1984;;;
852668000000000000;RT @InnovaMap: RT @NeuroYoder Higher IQs have not made us smarter https://t.co/Bv3ONd9Dcb  via @BBC_Future #Innovation  #Science #Psycholog‚Ä¶;-0,3570;2803245280;1;[#Innovation, #Science];2;William McCarren;525;3379;;;
852672000000000000;Exhibition prep - biomaterials are cultivated and processed with prints #biodesign #bioart #biotech #science #art ‚Ä¶‚Ä¶ https://t.co/69J10A6e4G;0,0000;109294181;4;[#biodesign, #bioart, #biotech, #science, #art];5;Yoko Shimizu;92;1027;;;
852669000000000000;#Emergence is Like #Art and #Science Having Sex by @MindFullyAlive https://t.co/a72sNO3AVq https://t.co/Lkp7if5NWA;0,3612;186297813;0;[#Emergence, #Art, #Science];3;. ..   . .   . ssshh;2044;560;;;
852668000000000000;Wonder if she'll let me tag along? https://t.co/5726UWa9Iw #RightToBearArts #artists #MarchForScience #science #art;0,0000;33672522;0;[#RightToBearArts, #artists, #MarchForScience, #science, #art];5;Ariel üíû;329;490;;;
852669000000000000;Can danger give you superhuman strength? https://t.co/GmeRufg4oH (@SciShow) ht @AsapSCIENCE #biology #science üí™ https://t.co/w3zTjKFh7d;-0,0516;2722503240;0;[#biology, #science];2;VUBBLE;2213;2701;;;
852671000000000000;@HopliteTactical Is it mandatory #mentalhealth evaluations for #Gun owners?  #CdnPoli #Science #Safety;0,0772;77254498;0;[#mentalhealth, #Gun, #CdnPoli, #Science, #Safety];5;üåéGraham Chiversüá®üá¶;5568;8302;;;
852671000000000000;What if we could upload books to our brains? https://t.co/B2rhoLkDFN #brain #mentalhealth #education #science #psychology #mind;0,0000;821150000000000000;0;[#brain, #mentalhealth, #education, #science, #psychology, #mind];6;Supreme Mindfulness;4636;2947;;;
852671000000000000;If you have taken #social #psychology #science, you would know what a WASP is. Unfortunately they hate all #good. #ScienceMarch;-0,7269;54138532;0;[#social, #psychology, #science, #good, #ScienceMarch];5;HI Green Examiner;2818;799;;;
852669000000000000;#10: pH Test Strips 0-14, Universal Strips To Test Water Quality For Swimming Pools, Hot Tub‚Ä¶ https://t.co/RiUrAugGHR #Science #Education;0,0000;802063000000000000;0;[#Science, #Education];2;Education Supplies;0;3;;;
852669000000000000;#9: New Product Didactic Human Skull Model with 7 Cervical Vertebrae/Nerve and Artery/on‚Ä¶ https://t.co/ohpyGSdYNA #Science #Education;0,0000;802063000000000000;0;[#Science, #Education];2;Education Supplies;0;3;;;
852669000000000000;"#8: Crystalline Pyrite, Approximately 1.5-2"""" Length, 2-10mm Crystals, Single Piece‚Ä¶ https://t.co/16wt3Yhm5Z #Science #Education";0,0000;802063000000000000;0;[#Science, #Education];2;Education Supplies;0;3;;;
852670000000000000;.@AutismMedia Vaccines injured my daughter #vaxxed #truth #science #PrayBig https://t.co/6LW6rxCDAQ;-0,4019;776638213;1;[#vaxxed, #truth, #science, #PrayBig];4;Christina Schmidt;1944;2372;;;
852668000000000000;.@AutismMedia Vaccines injured my daughter #vaxxed #truth #science #PrayBig https://t.co/g9ulBqmlBr;-0,4019;718989000000000000;0;[#vaxxed, #truth, #science, #PrayBig];4;CM Schmidt;1026;637;;;
852670000000000000;#Environment #Conservation #Science https://t.co/uAKdzaY6eq Study finds array of contaminants in US waterways. When researchers sampled st‚Ä¶;0,0000;1011015176;3;[#Environment, #Conservation, #Science];3;LibraryOfAlexandria;1656;7691;;;
852669000000000000;RT @lizbonnin: I would love nothing more. As long as you enjoy watching we will keep making them! #science #nature #conservation @BBCOne @B‚Ä¶;0,8268;739139000000000000;17;[#science, #nature, #conservation];3;Lee Fergusson;2701;1898;;;
852668000000000000;RT @gringaofbarrio: Is there anything good about climate change? @gringaofbarrio #climate #ecology #environment #gringa #nature #science ht‚Ä¶;0,4404;803173000000000000;27;[#climate, #ecology, #environment, #gringa, #nature, #science];6;FindURTreasures;77;334;;;
852670000000000000;RT @ClimateCorpGeo: Awesome evening last night @MonsantoCo awards ceremony - best #science team in the Ag biz! #digitalag #AI #datascience‚Ä¶;0,9117;244190133;3;[#science, #digitalag, #AI, #datascience];4;Nick Koshnick;115;89;;;
852668000000000000;Woah... @elonmusk's @openai... I'm mentally marking this moment in history. https://t.co/UPtoTEMdKD #gamedev #coding #AI #science #04132017;0,0000;710035102;0;[#gamedev, #coding, #AI, #science];4;S. Darkwell;565;177;;;
852669000000000000;RT @AtriumStaffing: ICYMI: Regulatory Affairs Manager Job ; New Providence, NJ ; $120k ; Direct Hire #science #hiring #job https://t.co/pqf‚Ä¶;0.0;79916647;1;[#science, #hiring, #job];3;Shiv sun;1154;643
852668000000000000;ICYMI: Regulatory Affairs Manager Job ; New Providence, NJ ; $120k ; Direct Hire #science #hiring #job https://t.co/pqfoN3bWBV;0.0;58877433;1;[#science, #hiring, #job];3;Atrium Staffing;1003;9045
852668000000000000;Back of a ute in Australia #mycology #fungi #mushrooms #Mushroom #BeatrixPotter #nature #Ambleside #fungus #science‚Ä¶ https://t.co/5qrG7nRPJ1;0,0000;760951000000000000;0;[#mycology, #fungi, #mushrooms, #Mushroom, #BeatrixPotter, #nature, #Ambleside, #fungus, #science];9;Scarlet Richardson;40;1088;;;
853035000000000000;RT @LoreeGBurns: Hey! Win a copy of my book! #citizenscientists #citizenscience #kidlit #science https://t.co/mwNIsFACJY;0,6580;23610124;5;[#citizenscientists, #citizenscience, #kidlit, #science];4;Renee;88;186;;;
853031000000000000;RT @MJ_Mouton: I write for my girls, because girls are scientists too! #science #education #Kidlit 1st #book is Darwin. ages 1-8 https://t.‚Ä¶;0,0000;800866000000000000;177;[#science, #education, #Kidlit, #book];4;John L Codella Jr;72;23;;;
853035000000000000;A Jewish girl describes the harmony between #faith and #science. https://t.co/N7aZkIe8bS;0,4019;1739631566;1;[#faith, #science];2;FFAF International;150;254;;;
853034000000000000;Thoughts on #faith and #science from a Jewish perspective. https://t.co/iOFhvcCVSM;0,0000;1849559293;0;[#faith, #science];2;GC Science;229;155;;;
853035000000000000;#redorbit: #Science #News, #Space News, #Health News, &amp: More https://t.co/oIhQlBwT1D https://t.co/oiT1qHI8jH;0,0000;94578764;0;[#redorbit, #Science, #News, #Space, #Health];5;YuriSL;2052;2055;;;
853034000000000000;#science #ecology #health #nature Women's Leadership Committee's Speech Contest https://t.co/VWR6F7cdsC https://t.co/rHALytpdpN;0,0000;735251000000000000;0;[#science, #ecology, #health, #nature];4;Thenatureworld;3460;933;;;
853033000000000000;At the planetarium with my jelly bean. #science #space #daddydaughtertime https://t.co/trzdA3F0IN;0,0000;37688271;0;[#science, #space, #daddydaughtertime];3;Kingbigshit;160;117;;;
853032000000000000;Milwaukee WI USA - #Medical #Science Liaison - Great Lakes - Medical Science Liaison Great La... https://t.co/bRXoLEKOlB #WORK #HEALTH #JOB;0,8481;2220271794;0;[#Medical, #Science, #WORK, #HEALTH, #JOB];5;Medical Science Jobs;0;3;;;
853032000000000000;Change physics text book.Einstein is stupid. https://t.co/s1CVc2KP3G #science #news #bbc #cnn #discovery #relativity;-0,5267;92666032;0;[#science, #news, #bbc, #cnn, #discovery, #relativity];6;eddie knk;2616;2511;;;
853031000000000000;NASA confirms two moons in the Solar System are venting oceans into space https://t.co/fZDtORClLI #Space #Science #Nasa #Life;0,0000;4871775280;0;[#Space, #Science, #Nasa, #Life];4;Brandon Mckenzie;218;239;;;
853030000000000000;RT @ColbyTHess: New model suggests at least one TRAPPIST-1 planet may be habitable &gt: https://t.co/ef2aRZY1Fj #space #science #exoplanets;0,0000;3370169638;1;[#space, #science, #exoplanets];3;Space Cowboy Scifi;697;13590;;;
853034000000000000;Interesting read about the #diverse worlds of #carbon #forestry https://t.co/mqOBHuY2Fm @ecobusinesscom #community #science #indigenous #GHG;0,4019;244206689;0;[#diverse, #carbon, #forestry, #community, #science, #indigenous, #GHG];7;ecoPartners Carbon;1074;673;;;
853033000000000000;#Science: #Indigenous ppls around world tell of warning signs of nat‚Äôl disasters. Scientists are now listening https://t.co/C0av5ZEd6J;-0,7184;57677984;0;[#Science, #Indigenous];2;E_Lucas-Taylor wrtr;8015;8461;;;
853034000000000000;RT @MaryHerman2: #DarkMatter never found is same like #Ether a #Science dream to deny #Modified #Gravity!    #NASA #Astronomy #Universe #CE‚Ä¶;0,3382;718109000000000000;4;[#DarkMatter, #Ether, #Science, #Modified, #Gravity, #NASA, #Astronomy, #Universe];8;Mike;644;216;;;
853033000000000000;RT @AgiwaldW: 8 Space reasons to look up in 2017 #astronomy #science üì∑Volcanoteide https://t.co/cCOJBjxque https://t.co/BLEulwSJ1E;0,0000;3227099081;135;[#astronomy, #science];2;Magdalena;2681;4823;;;
853032000000000000;#NASA Revealed There Could Be Life On #Saturn #Moon, #Enceladus https://t.co/JGiLOvMV4j via @YouTube #SpaceExploration #Astronomy #Science;0,0000;1912247989;0;[#NASA, #Saturn, #Moon, #Enceladus, #SpaceExploration, #Astronomy, #Science];7;Devon Murray;114;135;;;
853034000000000000;Here‚Äôs the final design for Light‚Äôs insane 16-lens camera https://t.co/Il7xnpXPNi #Science #Tech #Culture #Reviews‚Ä¶ https://t.co/qaXOj4o6Us;-0,4019;16946467;0;[#Science, #Tech, #Culture, #Reviews];4;‚ö°Ofra Ziv‚ö°;1977;1842;;;
853032000000000000;RT @ravikikan: #Startups : The Biggest Lies On #Internet   #tech #science #bigdata #mobile #contentmarketing #entrepreneur #social‚Ä¶https://‚Ä¶;-0,4215;1044463664;6;[#Startups, #Internet, #tech, #science, #bigdata, #mobile, #contentmarketing, #entrepreneur, #social];9;Vaibhav Gupta;3373;7516;;;
853033000000000000;RT @AgiwaldW: Ancient peoples shaped the Amazon rainforest #Archaeology #science #ecology üì∑Gwegner https://t.co/5XTACyRf5E https://t.co/r6p‚Ä¶;0,1779;3570984434;123;[#Archaeology, #science, #ecology];3;ŸÜÿ≠ŸàŸÑ;1473;470;;;
853033000000000000;RT @loribogren: .@IvankaTrump  you should visit a library.  They have a huge selection on #feminism, #civilrights, #Science &amp: dictionaries.‚Ä¶;0,3182;1151933252;1;[#feminism, #civilrights, #Science];3;SusanBr;44;638;;;
853032000000000000;.@IvankaTrump  you should visit a library.  They have a huge selection on #feminism, #civilrights, #Science &amp: dictionaries. #complicit;0,3182;781320000000000000;1;[#feminism, #civilrights, #Science, #complicit];4;Lori Bogren;85;2;;;
853032000000000000;1. What is the nervous system? https://t.co/VR6QXnzCcT #anatomy #physiology #science #education #nursing #medicine;-0,2732;971359111;0;[#anatomy, #physiology, #science, #education, #nursing, #medicine];6;Dr. Mike Todorovic;173;73;;;
853032000000000000;This week I will be posting educational videos on the nervous system! #anatomy #physiology #brain #nervoussystem #science #education;-0,3382;971359111;2;[#anatomy, #physiology, #brain, #nervoussystem, #science, #education];6;Dr. Mike Todorovic;173;73;;;
853031000000000000;New shirt to wear to the science march #science #education #climatechangeisreal https://t.co/rUcrI0suz5;0,0000;582410335;0;[#science, #education, #climatechangeisreal];3;Claire Connelly;1276;1562;;;
853032000000000000;Win a #Kindle Fire and ANY #Science Fiction or #Fantasy Book You Want in this #Giveaway https://t.co/uCVPajBRoF via @InkMuse;0,4019;14206459;0;[#Kindle, #Science, #Fantasy, #Giveaway];4;jbaluch;894;341;;;
853032000000000000;Win a #Kindle Fire and ANY #Science Fiction or #Fantasy Book You Want in this #Giveaway https://t.co/KzATT2Fgni via @InkMuse;0,4019;30763185;0;[#Kindle, #Science, #Fantasy, #Giveaway];4;helen wawrejko;2129;146;;;
853031000000000000;RT @VergeMMA: #Fight #Science: A time-tested strategy for improving striking #technique in #MMA - Bloody Elbow ü•ä #boxing #life #ko https://‚Ä¶;-0,0258;573358635;2;[#Fight, #Science, #technique, #MMA, #boxing, #life, #ko];7;Austin Verge;4453;4462;;;
853031000000000000;so, so wish I could attend #poetry #art #science https://t.co/yk83CdWjS2;0,5059;269004025;0;[#poetry, #art, #science];3;Dustin Renwick;431;279;;;
853031000000000000;RT @ShaziaMir71: #Gallery1832 has come outside! Innovative art installation and exhibit @labcentral #TuftsPDA Sci-Art #Science #Art https:/‚Ä¶;0,4926;2812303841;6;[#Gallery1832, #TuftsPDA, #Science, #Art];4;TuftsPDA;344;142;;;
853031000000000000;RT @BioRadLifeSci: Anti-Sense or Gene Editing? What is the best genetic therapy approach? https://t.co/pBa61v7r56 #pharma #science #biotech‚Ä¶;0,6767;117499026;4;[#pharma, #science, #biotech];3;Eduardo Armienta;1375;761;;;
853031000000000000;RT @ExCyted: Counting Cells Will Save Your Flow Cytometry Experiment, If You Do It Like This #FlowCytometry #science #biotech https://t.co/‚Ä¶;0,6908;21662772;2;[#FlowCytometry, #science, #biotech];3;Nishi Sood;432;1071;;;
853030000000000000;Seeing with the Heart: from The Little Prince to Teilhard de Chardin via @NondualScience https://t.co/DDq4J80XSb #science #nonduality;0,0000;22485101;0;[#science, #nonduality];2;Jani Lassila;1740;2129;;;
853030000000000000;Awakening Shakti: Embodying the Great Light of Consciousness via @NondualScience https://t.co/10JXwj5t0e #science #nonduality;0,6249;22485101;0;[#science, #nonduality];2;Jani Lassila;1740;2129;;;
